{
  "created_at": "2026-07-23T12:34:42.568563+00:00",
  "benchmark": "IFEval",
  "dataset_task_count": 541,
  "evaluated_task_count": 541,
  "full_dataset_evaluation": true,
  "official_metrics": {
    "strict": {
      "prompt_total": 541,
      "prompt_correct": 489,
      "prompt_level_accuracy": 0.9038817005545287,
      "instruction_total": 834,
      "instruction_correct": 774,
      "instruction_level_accuracy": 0.9280575539568345,
      "average_of_prompt_and_instruction_accuracy": 0.9159696272556817,
      "tier0_accuracy": {
        "change_case": 0.8876404494382022,
        "combination": 0.8923076923076924,
        "detectable_content": 0.9811320754716981,
        "detectable_format": 0.9554140127388535,
        "keywords": 0.9202453987730062,
        "language": 1.0,
        "length_constraints": 0.9090909090909091,
        "punctuation": 0.9090909090909091,
        "startend": 0.9552238805970149
      },
      "tier1_accuracy": {
        "change_case:capital_word_frequency": 0.88,
        "change_case:english_capital": 0.88,
        "change_case:english_lowercase": 0.8974358974358975,
        "combination:repeat_prompt": 0.8292682926829268,
        "combination:two_responses": 1.0,
        "detectable_content:number_placeholders": 0.9629629629629629,
        "detectable_content:postscript": 1.0,
        "detectable_format:constrained_response": 1.0,
        "detectable_format:json_format": 0.8235294117647058,
        "detectable_format:multiple_sections": 1.0,
        "detectable_format:number_bullet_lists": 0.9032258064516129,
        "detectable_format:number_highlighted_sections": 0.9791666666666666,
        "detectable_format:title": 1.0,
        "keywords:existence": 0.9743589743589743,
        "keywords:forbidden_words": 0.8979591836734694,
        "keywords:frequency": 0.9285714285714286,
        "keywords:letter_frequency": 0.8787878787878788,
        "language:response_language": 1.0,
        "length_constraints:nth_paragraph_first_word": 0.6666666666666666,
        "length_constraints:number_paragraphs": 0.8888888888888888,
        "length_constraints:number_sentences": 0.9038461538461539,
        "length_constraints:number_words": 0.9807692307692307,
        "punctuation:no_comma": 0.9090909090909091,
        "startend:end_checker": 1.0,
        "startend:quotation": 0.926829268292683
      }
    },
    "loose": {
      "prompt_total": 541,
      "prompt_correct": 497,
      "prompt_level_accuracy": 0.9186691312384473,
      "instruction_total": 834,
      "instruction_correct": 784,
      "instruction_level_accuracy": 0.9400479616306955,
      "average_of_prompt_and_instruction_accuracy": 0.9293585464345714,
      "tier0_accuracy": {
        "change_case": 0.9101123595505618,
        "combination": 0.8923076923076924,
        "detectable_content": 0.9811320754716981,
        "detectable_format": 0.9617834394904459,
        "keywords": 0.9325153374233128,
        "language": 1.0,
        "length_constraints": 0.9230769230769231,
        "punctuation": 0.9393939393939394,
        "startend": 0.9701492537313433
      },
      "tier1_accuracy": {
        "change_case:capital_word_frequency": 0.88,
        "change_case:english_capital": 0.88,
        "change_case:english_lowercase": 0.9487179487179487,
        "combination:repeat_prompt": 0.8292682926829268,
        "combination:two_responses": 1.0,
        "detectable_content:number_placeholders": 0.9629629629629629,
        "detectable_content:postscript": 1.0,
        "detectable_format:constrained_response": 1.0,
        "detectable_format:json_format": 0.8823529411764706,
        "detectable_format:multiple_sections": 1.0,
        "detectable_format:number_bullet_lists": 0.9032258064516129,
        "detectable_format:number_highlighted_sections": 0.9791666666666666,
        "detectable_format:title": 1.0,
        "keywords:existence": 0.9743589743589743,
        "keywords:forbidden_words": 0.9183673469387755,
        "keywords:frequency": 0.9285714285714286,
        "keywords:letter_frequency": 0.9090909090909091,
        "language:response_language": 1.0,
        "length_constraints:nth_paragraph_first_word": 0.75,
        "length_constraints:number_paragraphs": 0.9259259259259259,
        "length_constraints:number_sentences": 0.9038461538461539,
        "length_constraints:number_words": 0.9807692307692307,
        "punctuation:no_comma": 0.9393939393939394,
        "startend:end_checker": 1.0,
        "startend:quotation": 0.9512195121951219
      }
    }
  },
  "primary_metric": "strict_prompt_level_accuracy",
  "final_score": 0.9038817005545287,
  "final_score_percent": 90.38817005545286,
  "final_score_definition": "Strict prompt-level accuracy: the fraction of evaluated prompts for which every verifiable instruction passed. The runner also retains strict/loose prompt-level and instruction-level scores.",
  "evaluator": {
    "implementation": "EleutherAI lm-evaluation-harness IFEval",
    "lm_eval_version": "0.4.12",
    "datasets_version": "5.0.0",
    "repository_clone_used": false
  }
}
