{
  "created_at": "2026-07-23T10:49:49.667616+00:00",
  "benchmark": "IFEval",
  "dataset_task_count": 541,
  "evaluated_task_count": 530,
  "full_dataset_evaluation": false,
  "official_metrics": {
    "strict": {
      "prompt_total": 530,
      "prompt_correct": 478,
      "prompt_level_accuracy": 0.9018867924528302,
      "instruction_total": 814,
      "instruction_correct": 754,
      "instruction_level_accuracy": 0.9262899262899262,
      "average_of_prompt_and_instruction_accuracy": 0.9140883593713782,
      "tier0_accuracy": {
        "change_case": 0.8876404494382022,
        "combination": 0.8923076923076924,
        "detectable_content": 0.9807692307692307,
        "detectable_format": 0.9545454545454546,
        "keywords": 0.9182389937106918,
        "language": 1.0,
        "length_constraints": 0.9037037037037037,
        "punctuation": 0.9090909090909091,
        "startend": 0.9523809523809523
      },
      "tier1_accuracy": {
        "change_case:capital_word_frequency": 0.88,
        "change_case:english_capital": 0.88,
        "change_case:english_lowercase": 0.8974358974358975,
        "combination:repeat_prompt": 0.8292682926829268,
        "combination:two_responses": 1.0,
        "detectable_content:number_placeholders": 0.9629629629629629,
        "detectable_content:postscript": 1.0,
        "detectable_format:constrained_response": 1.0,
        "detectable_format:json_format": 0.8235294117647058,
        "detectable_format:multiple_sections": 1.0,
        "detectable_format:number_bullet_lists": 0.9032258064516129,
        "detectable_format:number_highlighted_sections": 0.9787234042553191,
        "detectable_format:title": 1.0,
        "keywords:existence": 0.9736842105263158,
        "keywords:forbidden_words": 0.8936170212765957,
        "keywords:frequency": 0.9285714285714286,
        "keywords:letter_frequency": 0.875,
        "language:response_language": 1.0,
        "length_constraints:nth_paragraph_first_word": 0.6666666666666666,
        "length_constraints:number_paragraphs": 0.8888888888888888,
        "length_constraints:number_sentences": 0.8979591836734694,
        "length_constraints:number_words": 0.9787234042553191,
        "punctuation:no_comma": 0.9090909090909091,
        "startend:end_checker": 1.0,
        "startend:quotation": 0.9210526315789473
      }
    },
    "loose": {
      "prompt_total": 530,
      "prompt_correct": 487,
      "prompt_level_accuracy": 0.9188679245283019,
      "instruction_total": 814,
      "instruction_correct": 765,
      "instruction_level_accuracy": 0.9398034398034398,
      "average_of_prompt_and_instruction_accuracy": 0.9293356821658709,
      "tier0_accuracy": {
        "change_case": 0.9213483146067416,
        "combination": 0.8923076923076924,
        "detectable_content": 0.9807692307692307,
        "detectable_format": 0.961038961038961,
        "keywords": 0.9308176100628931,
        "language": 1.0,
        "length_constraints": 0.9185185185185185,
        "punctuation": 0.9393939393939394,
        "startend": 0.9682539682539683
      },
      "tier1_accuracy": {
        "change_case:capital_word_frequency": 0.88,
        "change_case:english_capital": 0.92,
        "change_case:english_lowercase": 0.9487179487179487,
        "combination:repeat_prompt": 0.8292682926829268,
        "combination:two_responses": 1.0,
        "detectable_content:number_placeholders": 0.9629629629629629,
        "detectable_content:postscript": 1.0,
        "detectable_format:constrained_response": 1.0,
        "detectable_format:json_format": 0.8823529411764706,
        "detectable_format:multiple_sections": 1.0,
        "detectable_format:number_bullet_lists": 0.9032258064516129,
        "detectable_format:number_highlighted_sections": 0.9787234042553191,
        "detectable_format:title": 1.0,
        "keywords:existence": 0.9736842105263158,
        "keywords:forbidden_words": 0.9148936170212766,
        "keywords:frequency": 0.9285714285714286,
        "keywords:letter_frequency": 0.90625,
        "language:response_language": 1.0,
        "length_constraints:nth_paragraph_first_word": 0.75,
        "length_constraints:number_paragraphs": 0.9259259259259259,
        "length_constraints:number_sentences": 0.8979591836734694,
        "length_constraints:number_words": 0.9787234042553191,
        "punctuation:no_comma": 0.9393939393939394,
        "startend:end_checker": 1.0,
        "startend:quotation": 0.9473684210526315
      }
    }
  },
  "primary_metric": "strict_prompt_level_accuracy",
  "final_score": 0.9018867924528302,
  "final_score_percent": 90.18867924528303,
  "final_score_definition": "Strict prompt-level accuracy: the fraction of evaluated prompts for which every verifiable instruction passed. The runner also retains strict/loose prompt-level and instruction-level scores.",
  "evaluator": {
    "implementation": "EleutherAI lm-evaluation-harness IFEval",
    "lm_eval_version": "0.4.12",
    "datasets_version": "5.0.0",
    "repository_clone_used": false
  }
}
